{
    "$schema": "https://schema.management.azure.com/schemas/2015-01-01/deploymentParameters.json#",
    "contentVersion": "1.0.0.0",
    "parameters": {
        "location": {
            "value": "eastus"
        },
        "networkInterfaceName": {
            "value": "something616"
        },
        "enableAcceleratedNetworking": {
            "value": true
        },
        "networkSecurityGroupName": {
            "value": "SOMETHING-nsg"
        },
        "networkSecurityGroupRules": {
            "value": [
                {
                    "name": "RDP",
                    "properties": {
                        "priority": 300,
                        "protocol": "TCP",
                        "access": "Allow",
                        "direction": "Inbound",
                        "sourceAddressPrefix": "*",
                        "sourcePortRange": "*",
                        "destinationAddressPrefix": "*",
                        "destinationPortRange": "3389"
                    }
                },
                {
                    "name": "HTTPS",
                    "properties": {
                        "priority": 320,
                        "protocol": "TCP",
                        "access": "Allow",
                        "direction": "Inbound",
                        "sourceAddressPrefix": "*",
                        "sourcePortRange": "*",
                        "destinationAddressPrefix": "*",
                        "destinationPortRange": "443"
                    }
                },
                {
                    "name": "SSH",
                    "properties": {
                        "priority": 340,
                        "protocol": "TCP",
                        "access": "Allow",
                        "direction": "Inbound",
                        "sourceAddressPrefix": "*",
                        "sourcePortRange": "*",
                        "destinationAddressPrefix": "*",
                        "destinationPortRange": "22"
                    }
                },
                {
                    "name": "HTTP",
                    "properties": {
                        "priority": 360,
                        "protocol": "TCP",
                        "access": "Allow",
                        "direction": "Inbound",
                        "sourceAddressPrefix": "*",
                        "sourcePortRange": "*",
                        "destinationAddressPrefix": "*",
                        "destinationPortRange": "80"
                    }
                }
            ]
        },
        "subnetName": {
            "value": "default"
        },
        "virtualNetworkId": {
            "value": "/subscriptions/65911ece-b772-4e16-ab25-fc95982846dc/resourceGroups/POC_DevOps_RG/providers/Microsoft.Network/virtualNetworks/ANILVNET"
        },
        "publicIpAddressName": {
            "value": "SOMETHING-ip"
        },
        "publicIpAddressType": {
            "value": "Dynamic"
        },
        "publicIpAddressSku": {
            "value": "Basic"
        },
        "virtualMachineName": {
            "value": "SOMETHING"
        },
        "virtualMachineComputerName": {
            "value": "SOMETHING"
        },
        "virtualMachineRG": {
            "value": "POC_DevOps_RG"
        },
        "osDiskType": {
            "value": "StandardSSD_LRS"
        },
        "virtualMachineSize": {
            "value": "Standard_D2_v2"
        },
        "adminUsername": {
            "value": "rama"
        },
        "adminPassword": {
            "value": null
        },
        "patchMode": {
            "value": "AutomaticByOS"
        },
        "enableHotpatching": {
            "value": false
        }
    }
}